日期,复工指数,缺工指数,省份,Index
2 / 10,0.394,0.574,China,1
2 / 11,0.38,0.57,China,2
2 / 12,0.391,0.567,China,3
2 / 13,0.399,0.562,China,4
2 / 14,0.396,0.558,China,5
2 / 17,0.445,0.548,China,6
2 / 18,0.458,0.543,China,7
2 / 19,0.473,0.537,China,8
2 / 20,0.494,0.531,China,9
2 / 21,0.518,0.524,China,10
2 / 24,0.61,0.496,China,11
2 / 25,0.61,0.485,China,12
2 / 26,0.619,0.475,China,13
2 / 27,0.62,0.466,China,14
2 / 28,0.632,0.456,China,15
3 / 2,0.709,0.423,China,16
3 / 3,0.706,0.413,China,17
3 / 4,0.711,0.404,China,18
3 / 5,0.732,0.394,China,19
3 / 6,0.743,0.383,China,20
3 / 9,0.77,0.358,China,21
3 / 10,0.793,0.35,China,22
3 / 11,0.805,0.34,China,23
3 / 12,0.803,0.329,China,24
3 / 13,0.818,0.319,China,25
3 / 16,0.858,0.291,China,26
3 / 17,0.862,0.282,China,27
3 / 18,0.868,0.273,China,28
3 / 19,0.871,0.262,China,29
3 / 20,0.894,0.253,China,30
3 / 23,0.913,0.231,China,31
3 / 24,0.911,0.225,China,32
3 / 25,0.914,0.219,China,33
3 / 26,0.896,0.211,China,34
3 / 27,0.911,0.204,China,35
2 / 10,0.213,0.859,The xinjiang uygur autonomous region,36
2 / 11,0.2,0.858,The xinjiang uygur autonomous region,37
2 / 12,0.186,0.858,The xinjiang uygur autonomous region,38
2 / 13,0.18,0.858,The xinjiang uygur autonomous region,39
2 / 14,0.178,0.858,The xinjiang uygur autonomous region,40
2 / 17,0.172,0.86,The xinjiang uygur autonomous region,41
2 / 18,0.165,0.86,The xinjiang uygur autonomous region,42
2 / 19,0.159,0.86,The xinjiang uygur autonomous region,43
2 / 20,0.16,0.86,The xinjiang uygur autonomous region,44
2 / 21,0.162,0.86,The xinjiang uygur autonomous region,45
2 / 24,0.177,0.86,The xinjiang uygur autonomous region,46
2 / 25,0.18,0.86,The xinjiang uygur autonomous region,47
2 / 26,0.193,0.86,The xinjiang uygur autonomous region,48
2 / 27,0.199,0.859,The xinjiang uygur autonomous region,49
2 / 28,0.198,0.859,The xinjiang uygur autonomous region,50
3 / 2,0.219,0.858,The xinjiang uygur autonomous region,51
3 / 3,0.223,0.858,The xinjiang uygur autonomous region,52
3 / 4,0.241,0.855,The xinjiang uygur autonomous region,53
3 / 5,0.337,0.851,The xinjiang uygur autonomous region,54
3 / 6,0.401,0.848,The xinjiang uygur autonomous region,55
3 / 9,0.673,0.826,The xinjiang uygur autonomous region,56
3 / 10,0.729,0.812,The xinjiang uygur autonomous region,57
3 / 11,0.77,0.797,The xinjiang uygur autonomous region,58
3 / 12,0.801,0.778,The xinjiang uygur autonomous region,59
3 / 13,0.834,0.759,The xinjiang uygur autonomous region,60
3 / 16,0.933,0.691,The xinjiang uygur autonomous region,61
3 / 17,0.945,0.671,The xinjiang uygur autonomous region,62
3 / 18,0.958,0.651,The xinjiang uygur autonomous region,63
3 / 19,0.969,0.633,The xinjiang uygur autonomous region,64
3 / 20,0.974,0.613,The xinjiang uygur autonomous region,65
3 / 23,0.995,0.565,The xinjiang uygur autonomous region,66
3 / 24,0.99,0.553,The xinjiang uygur autonomous region,67
3 / 25,0.997,0.543,The xinjiang uygur autonomous region,68
3 / 26,0.996,0.532,The xinjiang uygur autonomous region,69
3 / 27,0.999,0.524,The xinjiang uygur autonomous region,70
2 / 10,0.461,0.397,Sichuan province,71
2 / 11,0.452,0.395,Sichuan province,72
2 / 12,0.448,0.393,Sichuan province,73
2 / 13,0.456,0.392,Sichuan province,74
2 / 14,0.458,0.39,Sichuan province,75
2 / 17,0.499,0.381,Sichuan province,76
2 / 18,0.509,0.377,Sichuan province,77
2 / 19,0.535,0.374,Sichuan province,78
2 / 20,0.536,0.37,Sichuan province,79
2 / 21,0.583,0.365,Sichuan province,80
2 / 24,0.689,0.347,Sichuan province,81
2 / 25,0.696,0.341,Sichuan province,82
2 / 26,0.703,0.335,Sichuan province,83
2 / 27,0.697,0.329,Sichuan province,84
2 / 28,0.732,0.322,Sichuan province,85
3 / 2,0.757,0.303,Sichuan province,86
3 / 3,0.782,0.298,Sichuan province,87
3 / 4,0.805,0.293,Sichuan province,88
3 / 5,0.802,0.288,Sichuan province,89
3 / 6,0.814,0.284,Sichuan province,90
3 / 9,0.828,0.274,Sichuan province,91
3 / 10,0.83,0.271,Sichuan province,92
3 / 11,0.831,0.268,Sichuan province,93
3 / 12,0.839,0.264,Sichuan province,94
3 / 13,0.849,0.261,Sichuan province,95
3 / 16,0.835,0.255,Sichuan province,96
3 / 17,0.87,0.253,Sichuan province,97
3 / 18,0.868,0.25,Sichuan province,98
3 / 19,0.876,0.248,Sichuan province,99
3 / 20,0.891,0.247,Sichuan province,100
3 / 23,0.899,0.247,Sichuan province,101
3 / 24,0.897,0.247,Sichuan province,102
3 / 25,0.899,0.247,Sichuan province,103
3 / 26,0.897,0.246,Sichuan province,104
3 / 27,0.898,0.246,Sichuan province,105
2 / 10,0.556,0.355,"In yunnan province,",106
2 / 11,0.582,0.35,"In yunnan province,",107
2 / 12,0.593,0.346,"In yunnan province,",108
2 / 13,0.604,0.341,"In yunnan province,",109
2 / 14,0.617,0.337,"In yunnan province,",110
2 / 17,0.612,0.324,"In yunnan province,",111
2 / 18,0.614,0.32,"In yunnan province,",112
2 / 19,0.655,0.316,"In yunnan province,",113
2 / 20,0.671,0.312,"In yunnan province,",114
2 / 21,0.697,0.307,"In yunnan province,",115
2 / 24,0.795,0.284,"In yunnan province,",116
2 / 25,0.794,0.272,"In yunnan province,",117
2 / 26,0.804,0.261,"In yunnan province,",118
2 / 27,0.801,0.25,"In yunnan province,",119
2 / 28,0.811,0.239,"In yunnan province,",120
3 / 2,0.892,0.205,"In yunnan province,",121
3 / 3,0.872,0.197,"In yunnan province,",122
3 / 4,0.868,0.189,"In yunnan province,",123
3 / 5,0.879,0.182,"In yunnan province,",124
3 / 6,0.894,0.175,"In yunnan province,",125
3 / 9,0.913,0.157,"In yunnan province,",126
3 / 10,0.896,0.151,"In yunnan province,",127
3 / 11,0.904,0.147,"In yunnan province,",128
3 / 12,0.911,0.141,"In yunnan province,",129
3 / 13,0.925,0.136,"In yunnan province,",130
3 / 16,0.937,0.123,"In yunnan province,",131
3 / 17,0.923,0.12,"In yunnan province,",132
3 / 18,0.92,0.116,"In yunnan province,",133
3 / 19,0.92,0.113,"In yunnan province,",134
3 / 20,0.941,0.111,"In yunnan province,",135
3 / 23,0.94,0.105,"In yunnan province,",136
3 / 24,0.923,0.104,"In yunnan province,",137
3 / 25,0.93,0.102,"In yunnan province,",138
3 / 26,0.934,0.1,"In yunnan province,",139
3 / 27,0.953,0.1,"In yunnan province,",140
2 / 10,0.494,0.37,"Guangxi zhuang autonomous region,",141
2 / 11,0.488,0.365,"Guangxi zhuang autonomous region,",142
2 / 12,0.501,0.361,"Guangxi zhuang autonomous region,",143
2 / 13,0.525,0.356,"Guangxi zhuang autonomous region,",144
2 / 14,0.541,0.352,"Guangxi zhuang autonomous region,",145
2 / 17,0.557,0.343,"Guangxi zhuang autonomous region,",146
2 / 18,0.567,0.34,"Guangxi zhuang autonomous region,",147
2 / 19,0.572,0.336,"Guangxi zhuang autonomous region,",148
2 / 20,0.591,0.332,"Guangxi zhuang autonomous region,",149
2 / 21,0.627,0.329,"Guangxi zhuang autonomous region,",150
2 / 24,0.734,0.311,"Guangxi zhuang autonomous region,",151
2 / 25,0.733,0.296,"Guangxi zhuang autonomous region,",152
2 / 26,0.747,0.282,"Guangxi zhuang autonomous region,",153
2 / 27,0.76,0.271,"Guangxi zhuang autonomous region,",154
2 / 28,0.766,0.258,"Guangxi zhuang autonomous region,",155
3 / 2,0.808,0.226,"Guangxi zhuang autonomous region,",156
3 / 3,0.766,0.216,"Guangxi zhuang autonomous region,",157
3 / 4,0.694,0.211,"Guangxi zhuang autonomous region,",158
3 / 5,0.795,0.204,"Guangxi zhuang autonomous region,",159
3 / 6,0.788,0.194,"Guangxi zhuang autonomous region,",160
3 / 9,0.868,0.173,"Guangxi zhuang autonomous region,",161
3 / 10,0.855,0.166,"Guangxi zhuang autonomous region,",162
3 / 11,0.847,0.158,"Guangxi zhuang autonomous region,",163
3 / 12,0.838,0.149,"Guangxi zhuang autonomous region,",164
3 / 13,0.861,0.139,"Guangxi zhuang autonomous region,",165
3 / 16,0.852,0.123,"Guangxi zhuang autonomous region,",166
3 / 17,0.821,0.117,"Guangxi zhuang autonomous region,",167
3 / 18,0.84,0.111,"Guangxi zhuang autonomous region,",168
3 / 19,0.839,0.105,"Guangxi zhuang autonomous region,",169
3 / 20,0.881,0.098,"Guangxi zhuang autonomous region,",170
3 / 23,0.903,0.087,"Guangxi zhuang autonomous region,",171
3 / 24,0.89,0.09,"Guangxi zhuang autonomous region,",172
3 / 25,0.876,0.1,"Guangxi zhuang autonomous region,",173
3 / 26,0.904,0.109,"Guangxi zhuang autonomous region,",174
3 / 27,0.904,0.09,"Guangxi zhuang autonomous region,",175
2 / 10,0.659,0.987,The Tibet autonomous region,176
2 / 11,0.656,0.976,The Tibet autonomous region,177
2 / 12,0.663,0.963,The Tibet autonomous region,178
2 / 13,0.674,0.944,The Tibet autonomous region,179
2 / 14,0.69,0.929,The Tibet autonomous region,180
2 / 17,0.71,0.862,The Tibet autonomous region,181
2 / 18,0.705,0.839,The Tibet autonomous region,182
2 / 19,0.717,0.835,The Tibet autonomous region,183
2 / 20,0.734,0.81,The Tibet autonomous region,184
2 / 21,0.762,0.78,The Tibet autonomous region,185
2 / 24,0.601,0.729,The Tibet autonomous region,186
2 / 25,0.683,0.719,The Tibet autonomous region,187
2 / 26,0.722,0.711,The Tibet autonomous region,188
2 / 27,0.714,0.696,The Tibet autonomous region,189
2 / 28,0.749,0.683,The Tibet autonomous region,190
3 / 2,0.801,0.647,The Tibet autonomous region,191
3 / 3,0.804,0.636,The Tibet autonomous region,192
3 / 4,0.82,0.621,The Tibet autonomous region,193
3 / 5,0.825,0.618,The Tibet autonomous region,194
3 / 6,0.824,0.621,The Tibet autonomous region,195
3 / 9,0.848,0.586,The Tibet autonomous region,196
3 / 10,0.842,0.561,The Tibet autonomous region,197
3 / 11,0.851,0.547,The Tibet autonomous region,198
3 / 12,0.856,0.533,The Tibet autonomous region,199
3 / 13,0.863,0.515,The Tibet autonomous region,200
3 / 16,0.871,0.467,The Tibet autonomous region,201
3 / 17,0.885,0.45,The Tibet autonomous region,202
3 / 18,0.898,0.432,The Tibet autonomous region,203
3 / 19,0.896,0.426,The Tibet autonomous region,204
3 / 20,0.914,0.418,The Tibet autonomous region,205
3 / 23,0.935,0.391,The Tibet autonomous region,206
3 / 24,0.951,0.385,The Tibet autonomous region,207
3 / 25,0.976,0.377,The Tibet autonomous region,208
3 / 26,0.978,0.371,The Tibet autonomous region,209
3 / 27,0.986,0.362,The Tibet autonomous region,210
2 / 10,0.382,0.506,In hebei province,211
2 / 11,0.371,0.501,In hebei province,212
2 / 12,0.374,0.501,In hebei province,213
2 / 13,0.381,0.5,In hebei province,214
2 / 14,0.341,0.498,In hebei province,215
2 / 17,0.404,0.503,In hebei province,216
2 / 18,0.412,0.501,In hebei province,217
2 / 19,0.426,0.499,In hebei province,218
2 / 20,0.427,0.496,In hebei province,219
2 / 21,0.452,0.494,In hebei province,220
2 / 24,0.492,0.489,In hebei province,221
2 / 25,0.494,0.485,In hebei province,222
2 / 26,0.515,0.478,In hebei province,223
2 / 27,0.512,0.473,In hebei province,224
2 / 28,0.53,0.468,In hebei province,225
3 / 2,0.617,0.437,In hebei province,226
3 / 3,0.616,0.429,In hebei province,227
3 / 4,0.634,0.42,In hebei province,228
3 / 5,0.647,0.411,In hebei province,229
3 / 6,0.666,0.401,In hebei province,230
3 / 9,0.682,0.358,In hebei province,231
3 / 10,0.725,0.389,In hebei province,232
3 / 11,0.744,0.381,In hebei province,233
3 / 12,0.739,0.367,In hebei province,234
3 / 13,0.765,0.356,In hebei province,235
3 / 16,0.804,0.333,In hebei province,236
3 / 17,0.817,0.321,In hebei province,237
3 / 18,0.828,0.311,In hebei province,238
3 / 19,0.822,0.272,In hebei province,239
3 / 20,0.849,0.268,In hebei province,240
3 / 23,0.879,0.268,In hebei province,241
3 / 24,0.878,0.269,In hebei province,242
3 / 25,0.895,0.269,In hebei province,243
3 / 26,0.816,0.267,In hebei province,244
3 / 27,0.905,0.267,In hebei province,245
2 / 10,0.222,0.381,Hubei province,246
2 / 11,0.221,0.381,Hubei province,247
2 / 12,0.222,0.38,Hubei province,248
2 / 13,0.229,0.38,Hubei province,249
2 / 14,0.236,0.379,Hubei province,250
2 / 17,0.216,0.378,Hubei province,251
2 / 18,0.209,0.377,Hubei province,252
2 / 19,0.208,0.377,Hubei province,253
2 / 20,0.211,0.377,Hubei province,254
2 / 21,0.212,0.376,Hubei province,255
2 / 24,0.223,0.374,Hubei province,256
2 / 25,0.223,0.374,Hubei province,257
2 / 26,0.22,0.373,Hubei province,258
2 / 27,0.215,0.373,Hubei province,259
2 / 28,0.218,0.373,Hubei province,260
3 / 2,0.237,0.372,Hubei province,261
3 / 3,0.239,0.371,Hubei province,262
3 / 4,0.249,0.371,Hubei province,263
3 / 5,0.256,0.371,Hubei province,264
3 / 6,0.257,0.371,Hubei province,265
3 / 9,0.268,0.369,Hubei province,266
3 / 10,0.293,0.369,Hubei province,267
3 / 11,0.313,0.369,Hubei province,268
3 / 12,0.328,0.368,Hubei province,269
3 / 13,0.345,0.368,Hubei province,270
3 / 16,0.509,0.365,Hubei province,271
3 / 17,0.547,0.363,Hubei province,272
3 / 18,0.574,0.362,Hubei province,273
3 / 19,0.596,0.36,Hubei province,274
3 / 20,0.627,0.357,Hubei province,275
3 / 23,0.658,0.346,Hubei province,276
3 / 24,0.666,0.341,Hubei province,277
3 / 25,0.667,0.336,Hubei province,278
3 / 26,0.665,0.331,Hubei province,279
3 / 27,0.621,0.326,Hubei province,280
2 / 10,0.584,0.782,Qinghai province,281
2 / 11,0.588,0.657,Qinghai province,282
2 / 12,0.587,0.597,Qinghai province,283
2 / 13,0.585,0.539,Qinghai province,284
2 / 14,0.594,0.559,Qinghai province,285
2 / 17,0.628,0.266,Qinghai province,286
2 / 18,0.633,0.264,Qinghai province,287
2 / 19,0.73,0.26,Qinghai province,288
2 / 20,0.765,0.256,Qinghai province,289
2 / 21,0.831,0.251,Qinghai province,290
2 / 24,0.896,0.243,Qinghai province,291
2 / 25,0.899,0.239,Qinghai province,292
2 / 26,0.915,0.234,Qinghai province,293
2 / 27,0.87,0.227,Qinghai province,294
2 / 28,0.951,0.218,Qinghai province,295
3 / 2,0.953,0.201,Qinghai province,296
3 / 3,0.937,0.195,Qinghai province,297
3 / 4,0.967,0.19,Qinghai province,298
3 / 5,0.968,0.186,Qinghai province,299
3 / 6,0.973,0.174,Qinghai province,300
3 / 9,0.978,0.165,Qinghai province,301
3 / 10,0.981,0.158,Qinghai province,302
3 / 11,0.982,0.154,Qinghai province,303
3 / 12,0.981,0.147,Qinghai province,304
3 / 13,0.986,0.134,Qinghai province,305
3 / 16,0.986,0.128,Qinghai province,306
3 / 17,0.989,0.122,Qinghai province,307
3 / 18,0.99,0.118,Qinghai province,308
3 / 19,0.991,0.115,Qinghai province,309
3 / 20,0.995,0.109,Qinghai province,310
3 / 23,0.995,0.115,Qinghai province,311
3 / 24,0.994,0.115,Qinghai province,312
3 / 25,0.994,0.113,Qinghai province,313
3 / 26,0.996,0.108,Qinghai province,314
3 / 27,1.0,0.099,Qinghai province,315
2 / 10,0.231,0.947,Zhejiang province,316
2 / 11,0.222,0.945,Zhejiang province,317
2 / 12,0.243,0.943,Zhejiang province,318
2 / 13,0.262,0.939,Zhejiang province,319
2 / 14,0.288,0.935,Zhejiang province,320
2 / 17,0.372,0.914,Zhejiang province,321
2 / 18,0.406,0.903,Zhejiang province,322
2 / 19,0.438,0.888,Zhejiang province,323
2 / 20,0.492,0.87,Zhejiang province,324
2 / 21,0.527,0.851,Zhejiang province,325
2 / 24,0.628,0.78,Zhejiang province,326
2 / 25,0.642,0.754,Zhejiang province,327
2 / 26,0.634,0.726,Zhejiang province,328
2 / 27,0.666,0.702,Zhejiang province,329
2 / 28,0.692,0.679,Zhejiang province,330
3 / 2,0.774,0.602,Zhejiang province,331
3 / 3,0.776,0.576,Zhejiang province,332
3 / 4,0.784,0.554,Zhejiang province,333
3 / 5,0.814,0.535,Zhejiang province,334
3 / 6,0.819,0.514,Zhejiang province,335
3 / 9,0.854,0.464,Zhejiang province,336
3 / 10,0.875,0.447,Zhejiang province,337
3 / 11,0.892,0.432,Zhejiang province,338
3 / 12,0.878,0.419,Zhejiang province,339
3 / 13,0.899,0.406,Zhejiang province,340
3 / 16,0.937,0.374,Zhejiang province,341
3 / 17,0.939,0.365,Zhejiang province,342
3 / 18,0.949,0.356,Zhejiang province,343
3 / 19,0.953,0.347,Zhejiang province,344
3 / 20,0.966,0.338,Zhejiang province,345
3 / 23,0.976,0.308,Zhejiang province,346
3 / 24,0.976,0.3,Zhejiang province,347
3 / 25,0.982,0.295,Zhejiang province,348
3 / 26,0.984,0.289,Zhejiang province,349
3 / 27,0.979,0.284,Zhejiang province,350
2 / 10,0.376,0.791,"Guangdong province,",351
2 / 11,0.361,0.785,"Guangdong province,",352
2 / 12,0.374,0.779,"Guangdong province,",353
2 / 13,0.364,0.772,"Guangdong province,",354
2 / 14,0.371,0.767,"Guangdong province,",355
2 / 17,0.43,0.745,"Guangdong province,",356
2 / 18,0.442,0.737,"Guangdong province,",357
2 / 19,0.46,0.728,"Guangdong province,",358
2 / 20,0.485,0.716,"Guangdong province,",359
2 / 21,0.515,0.704,"Guangdong province,",360
2 / 24,0.609,0.654,"Guangdong province,",361
2 / 25,0.616,0.634,"Guangdong province,",362
2 / 26,0.632,0.616,"Guangdong province,",363
2 / 27,0.644,0.6,"Guangdong province,",364
2 / 28,0.661,0.583,"Guangdong province,",365
3 / 2,0.742,0.53,"Guangdong province,",366
3 / 3,0.743,0.516,"Guangdong province,",367
3 / 4,0.724,0.503,"Guangdong province,",368
3 / 5,0.751,0.492,"Guangdong province,",369
3 / 6,0.767,0.48,"Guangdong province,",370
3 / 9,0.811,0.453,"Guangdong province,",371
3 / 10,0.817,0.443,"Guangdong province,",372
3 / 11,0.813,0.435,"Guangdong province,",373
3 / 12,0.819,0.427,"Guangdong province,",374
3 / 13,0.834,0.42,"Guangdong province,",375
3 / 16,0.863,0.401,"Guangdong province,",376
3 / 17,0.858,0.395,"Guangdong province,",377
3 / 18,0.844,0.388,"Guangdong province,",378
3 / 19,0.843,0.382,"Guangdong province,",379
3 / 20,0.871,0.378,"Guangdong province,",380
3 / 23,0.9,0.364,"Guangdong province,",381
3 / 24,0.897,0.36,"Guangdong province,",382
3 / 25,0.903,0.357,"Guangdong province,",383
3 / 26,0.902,0.354,"Guangdong province,",384
3 / 27,0.907,0.351,"Guangdong province,",385
2 / 10,0.419,0.251,In anhui province,386
2 / 11,0.396,0.248,In anhui province,387
2 / 12,0.416,0.245,In anhui province,388
2 / 13,0.426,0.243,In anhui province,389
2 / 14,0.427,0.24,In anhui province,390
2 / 17,0.46,0.23,In anhui province,391
2 / 18,0.472,0.226,In anhui province,392
2 / 19,0.478,0.223,In anhui province,393
2 / 20,0.506,0.22,In anhui province,394
2 / 21,0.525,0.217,In anhui province,395
2 / 24,0.672,0.203,In anhui province,396
2 / 25,0.662,0.198,In anhui province,397
2 / 26,0.662,0.193,In anhui province,398
2 / 27,0.673,0.189,In anhui province,399
2 / 28,0.652,0.184,In anhui province,400
3 / 2,0.76,0.167,In anhui province,401
3 / 3,0.759,0.163,In anhui province,402
3 / 4,0.773,0.16,In anhui province,403
3 / 5,0.782,0.157,In anhui province,404
3 / 6,0.781,0.154,In anhui province,405
3 / 9,0.785,0.145,In anhui province,406
3 / 10,0.821,0.142,In anhui province,407
3 / 11,0.85,0.139,In anhui province,408
3 / 12,0.851,0.136,In anhui province,409
3 / 13,0.834,0.133,In anhui province,410
3 / 16,0.888,0.124,In anhui province,411
3 / 17,0.896,0.121,In anhui province,412
3 / 18,0.903,0.118,In anhui province,413
3 / 19,0.906,0.115,In anhui province,414
3 / 20,0.926,0.112,In anhui province,415
3 / 23,0.929,0.104,In anhui province,416
3 / 24,0.93,0.103,In anhui province,417
3 / 25,0.91,0.101,In anhui province,418
3 / 26,0.874,0.098,In anhui province,419
3 / 27,0.902,0.095,In anhui province,420
2 / 10,0.409,0.583,Fujian province,421
2 / 11,0.404,0.58,Fujian province,422
2 / 12,0.403,0.577,Fujian province,423
2 / 13,0.417,0.574,Fujian province,424
2 / 14,0.413,0.571,Fujian province,425
2 / 17,0.531,0.56,Fujian province,426
2 / 18,0.555,0.556,Fujian province,427
2 / 19,0.579,0.551,Fujian province,428
2 / 20,0.62,0.545,Fujian province,429
2 / 21,0.656,0.538,Fujian province,430
2 / 24,0.72,0.509,Fujian province,431
2 / 25,0.721,0.499,Fujian province,432
2 / 26,0.726,0.49,Fujian province,433
2 / 27,0.723,0.481,Fujian province,434
2 / 28,0.744,0.473,Fujian province,435
3 / 2,0.778,0.447,Fujian province,436
3 / 3,0.783,0.439,Fujian province,437
3 / 4,0.731,0.432,Fujian province,438
3 / 5,0.775,0.425,Fujian province,439
3 / 6,0.803,0.417,Fujian province,440
3 / 9,0.834,0.399,Fujian province,441
3 / 10,0.832,0.391,Fujian province,442
3 / 11,0.844,0.386,Fujian province,443
3 / 12,0.758,0.38,Fujian province,444
3 / 13,0.847,0.375,Fujian province,445
3 / 16,0.885,0.362,Fujian province,446
3 / 17,0.851,0.359,Fujian province,447
3 / 18,0.846,0.356,Fujian province,448
3 / 19,0.854,0.352,Fujian province,449
3 / 20,0.891,0.349,Fujian province,450
3 / 23,0.885,0.342,Fujian province,451
3 / 24,0.885,0.341,Fujian province,452
3 / 25,0.904,0.34,Fujian province,453
3 / 26,0.898,0.338,Fujian province,454
3 / 27,0.91,0.336,Fujian province,455
2 / 10,0.46,0.426,Liaoning province,456
2 / 11,0.452,0.421,Liaoning province,457
2 / 12,0.463,0.416,Liaoning province,458
2 / 13,0.472,0.411,Liaoning province,459
2 / 14,0.457,0.405,Liaoning province,460
2 / 17,0.494,0.392,Liaoning province,461
2 / 18,0.518,0.386,Liaoning province,462
2 / 19,0.531,0.378,Liaoning province,463
2 / 20,0.555,0.369,Liaoning province,464
2 / 21,0.522,0.361,Liaoning province,465
2 / 24,0.74,0.336,Liaoning province,466
2 / 25,0.711,0.325,Liaoning province,467
2 / 26,0.725,0.315,Liaoning province,468
2 / 27,0.734,0.307,Liaoning province,469
2 / 28,0.719,0.299,Liaoning province,470
3 / 2,0.796,0.277,Liaoning province,471
3 / 3,0.741,0.271,Liaoning province,472
3 / 4,0.736,0.266,Liaoning province,473
3 / 5,0.781,0.257,Liaoning province,474
3 / 6,0.786,0.255,Liaoning province,475
3 / 9,0.77,0.246,Liaoning province,476
3 / 10,0.819,0.24,Liaoning province,477
3 / 11,0.822,0.236,Liaoning province,478
3 / 12,0.815,0.232,Liaoning province,479
3 / 13,0.836,0.228,Liaoning province,480
3 / 16,0.851,0.217,Liaoning province,481
3 / 17,0.86,0.212,Liaoning province,482
3 / 18,0.859,0.209,Liaoning province,483
3 / 19,0.857,0.205,Liaoning province,484
3 / 20,0.875,0.201,Liaoning province,485
3 / 23,0.907,0.187,Liaoning province,486
3 / 24,0.907,0.183,Liaoning province,487
3 / 25,0.903,0.178,Liaoning province,488
3 / 26,0.865,0.173,Liaoning province,489
3 / 27,0.926,0.168,Liaoning province,490
2 / 10,0.335,0.237,Jiangxi province,491
2 / 11,0.315,0.236,Jiangxi province,492
2 / 12,0.334,0.235,Jiangxi province,493
2 / 13,0.339,0.235,Jiangxi province,494
2 / 14,0.357,0.235,Jiangxi province,495
2 / 17,0.434,0.23,Jiangxi province,496
2 / 18,0.485,0.228,Jiangxi province,497
2 / 19,0.505,0.225,Jiangxi province,498
2 / 20,0.562,0.222,Jiangxi province,499
2 / 21,0.579,0.218,Jiangxi province,500
2 / 24,0.681,0.208,Jiangxi province,501
2 / 25,0.675,0.205,Jiangxi province,502
2 / 26,0.674,0.203,Jiangxi province,503
2 / 27,0.675,0.201,Jiangxi province,504
2 / 28,0.69,0.198,Jiangxi province,505
3 / 2,0.735,0.187,Jiangxi province,506
3 / 3,0.663,0.185,Jiangxi province,507
3 / 4,0.694,0.182,Jiangxi province,508
3 / 5,0.734,0.18,Jiangxi province,509
3 / 6,0.693,0.178,Jiangxi province,510
3 / 9,0.74,0.168,Jiangxi province,511
3 / 10,0.787,0.165,Jiangxi province,512
3 / 11,0.783,0.162,Jiangxi province,513
3 / 12,0.728,0.158,Jiangxi province,514
3 / 13,0.78,0.156,Jiangxi province,515
3 / 16,0.822,0.143,Jiangxi province,516
3 / 17,0.795,0.139,Jiangxi province,517
3 / 18,0.827,0.134,Jiangxi province,518
3 / 19,0.837,0.131,Jiangxi province,519
3 / 20,0.865,0.128,Jiangxi province,520
3 / 23,0.855,0.116,Jiangxi province,521
3 / 24,0.852,0.113,Jiangxi province,522
3 / 25,0.87,0.11,Jiangxi province,523
3 / 26,0.857,0.107,Jiangxi province,524
3 / 27,0.836,0.104,Jiangxi province,525
2 / 10,0.449,0.239,The guizhou province,526
2 / 11,0.453,0.237,The guizhou province,527
2 / 12,0.469,0.236,The guizhou province,528
2 / 13,0.491,0.234,The guizhou province,529
2 / 14,0.511,0.232,The guizhou province,530
2 / 17,0.671,0.225,The guizhou province,531
2 / 18,0.681,0.218,The guizhou province,532
2 / 19,0.701,0.21,The guizhou province,533
2 / 20,0.682,0.204,The guizhou province,534
2 / 21,0.704,0.196,The guizhou province,535
2 / 24,0.791,0.168,The guizhou province,536
2 / 25,0.791,0.16,The guizhou province,537
2 / 26,0.799,0.152,The guizhou province,538
2 / 27,0.803,0.143,The guizhou province,539
2 / 28,0.788,0.135,The guizhou province,540
3 / 2,0.852,0.107,The guizhou province,541
3 / 3,0.821,0.1,The guizhou province,542
3 / 4,0.833,0.094,The guizhou province,543
3 / 5,0.836,0.088,The guizhou province,544
3 / 6,0.857,0.081,The guizhou province,545
3 / 9,0.874,0.067,The guizhou province,546
3 / 10,0.849,0.062,The guizhou province,547
3 / 11,0.85,0.057,The guizhou province,548
3 / 12,0.863,0.052,The guizhou province,549
3 / 13,0.87,0.047,The guizhou province,550
3 / 16,0.857,0.038,The guizhou province,551
3 / 17,0.84,0.035,The guizhou province,552
3 / 18,0.845,0.031,The guizhou province,553
3 / 19,0.859,0.027,The guizhou province,554
3 / 20,0.882,0.024,The guizhou province,555
3 / 23,0.875,0.019,The guizhou province,556
3 / 24,0.871,0.017,The guizhou province,557
3 / 25,0.875,0.014,The guizhou province,558
3 / 26,0.881,0.012,The guizhou province,559
3 / 27,0.886,0.01,The guizhou province,560
2 / 10,0.376,0.631,Heilongjiang province,561
2 / 11,0.362,0.6,Heilongjiang province,562
2 / 12,0.364,0.579,Heilongjiang province,563
2 / 13,0.365,0.565,Heilongjiang province,564
2 / 14,0.363,0.561,Heilongjiang province,565
2 / 17,0.369,0.532,Heilongjiang province,566
2 / 18,0.377,0.518,Heilongjiang province,567
2 / 19,0.38,0.512,Heilongjiang province,568
2 / 20,0.383,0.51,Heilongjiang province,569
2 / 21,0.374,0.519,Heilongjiang province,570
2 / 24,0.433,0.515,Heilongjiang province,571
2 / 25,0.432,0.511,Heilongjiang province,572
2 / 26,0.439,0.517,Heilongjiang province,573
2 / 27,0.445,0.51,Heilongjiang province,574
2 / 28,0.445,0.498,Heilongjiang province,575
3 / 2,0.507,0.411,Heilongjiang province,576
3 / 3,0.501,0.391,Heilongjiang province,577
3 / 4,0.504,0.375,Heilongjiang province,578
3 / 5,0.521,0.361,Heilongjiang province,579
3 / 6,0.531,0.358,Heilongjiang province,580
3 / 9,0.57,0.355,Heilongjiang province,581
3 / 10,0.58,0.353,Heilongjiang province,582
3 / 11,0.611,0.352,Heilongjiang province,583
3 / 12,0.633,0.35,Heilongjiang province,584
3 / 13,0.662,0.349,Heilongjiang province,585
3 / 16,0.725,0.345,Heilongjiang province,586
3 / 17,0.731,0.344,Heilongjiang province,587
3 / 18,0.73,0.343,Heilongjiang province,588
3 / 19,0.733,0.342,Heilongjiang province,589
3 / 20,0.754,0.341,Heilongjiang province,590
3 / 23,0.796,0.337,Heilongjiang province,591
3 / 24,0.799,0.337,Heilongjiang province,592
3 / 25,0.81,0.336,Heilongjiang province,593
3 / 26,0.784,0.335,Heilongjiang province,594
3 / 27,0.822,0.334,Heilongjiang province,595
2 / 10,0.438,0.442,jilin,596
2 / 11,0.435,0.438,jilin,597
2 / 12,0.445,0.434,jilin,598
2 / 13,0.449,0.431,jilin,599
2 / 14,0.449,0.428,jilin,600
2 / 17,0.497,0.417,jilin,601
2 / 18,0.513,0.413,jilin,602
2 / 19,0.536,0.408,jilin,603
2 / 20,0.569,0.404,jilin,604
2 / 21,0.586,0.401,jilin,605
2 / 24,0.698,0.387,jilin,606
2 / 25,0.676,0.38,jilin,607
2 / 26,0.681,0.376,jilin,608
2 / 27,0.687,0.371,jilin,609
2 / 28,0.665,0.368,jilin,610
3 / 2,0.747,0.356,jilin,611
3 / 3,0.731,0.353,jilin,612
3 / 4,0.713,0.352,jilin,613
3 / 5,0.752,0.349,jilin,614
3 / 6,0.765,0.348,jilin,615
3 / 9,0.787,0.343,jilin,616
3 / 10,0.792,0.339,jilin,617
3 / 11,0.812,0.336,jilin,618
3 / 12,0.811,0.331,jilin,619
3 / 13,0.835,0.329,jilin,620
3 / 16,0.863,0.318,jilin,621
3 / 17,0.847,0.313,jilin,622
3 / 18,0.866,0.31,jilin,623
3 / 19,0.855,0.306,jilin,624
3 / 20,0.886,0.304,jilin,625
3 / 23,0.917,0.291,jilin,626
3 / 24,0.915,0.286,jilin,627
3 / 25,0.912,0.281,jilin,628
3 / 26,0.88,0.276,jilin,629
3 / 27,0.928,0.274,jilin,630
2 / 10,0.357,0.568,Jiangsu province,631
2 / 11,0.329,0.565,Jiangsu province,632
2 / 12,0.365,0.563,Jiangsu province,633
2 / 13,0.377,0.56,Jiangsu province,634
2 / 14,0.382,0.557,Jiangsu province,635
2 / 17,0.426,0.546,Jiangsu province,636
2 / 18,0.451,0.539,Jiangsu province,637
2 / 19,0.468,0.531,Jiangsu province,638
2 / 20,0.511,0.521,Jiangsu province,639
2 / 21,0.546,0.508,Jiangsu province,640
2 / 24,0.65,0.462,Jiangsu province,641
2 / 25,0.644,0.446,Jiangsu province,642
2 / 26,0.664,0.431,Jiangsu province,643
2 / 27,0.679,0.419,Jiangsu province,644
2 / 28,0.657,0.407,Jiangsu province,645
3 / 2,0.76,0.371,Jiangsu province,646
3 / 3,0.768,0.36,Jiangsu province,647
3 / 4,0.777,0.349,Jiangsu province,648
3 / 5,0.786,0.341,Jiangsu province,649
3 / 6,0.796,0.331,Jiangsu province,650
3 / 9,0.8,0.309,Jiangsu province,651
3 / 10,0.837,0.301,Jiangsu province,652
3 / 11,0.859,0.294,Jiangsu province,653
3 / 12,0.868,0.288,Jiangsu province,654
3 / 13,0.856,0.281,Jiangsu province,655
3 / 16,0.902,0.264,Jiangsu province,656
3 / 17,0.911,0.258,Jiangsu province,657
3 / 18,0.917,0.254,Jiangsu province,658
3 / 19,0.916,0.249,Jiangsu province,659
3 / 20,0.928,0.244,Jiangsu province,660
3 / 23,0.945,0.232,Jiangsu province,661
3 / 24,0.946,0.229,Jiangsu province,662
3 / 25,0.936,0.226,Jiangsu province,663
3 / 26,0.916,0.223,Jiangsu province,664
3 / 27,0.944,0.221,Jiangsu province,665
2 / 10,0.43,0.387,Shanxi Province,666
2 / 11,0.413,0.384,Shanxi Province,667
2 / 12,0.413,0.383,Shanxi Province,668
2 / 13,0.421,0.344,Shanxi Province,669
2 / 14,0.411,0.286,Shanxi Province,670
2 / 17,0.452,0.28,Shanxi Province,671
2 / 18,0.46,0.278,Shanxi Province,672
2 / 19,0.475,0.279,Shanxi Province,673
2 / 20,0.475,0.282,Shanxi Province,674
2 / 21,0.495,0.283,Shanxi Province,675
2 / 24,0.567,0.284,Shanxi Province,676
2 / 25,0.59,0.281,Shanxi Province,677
2 / 26,0.587,0.279,Shanxi Province,678
2 / 27,0.535,0.276,Shanxi Province,679
2 / 28,0.597,0.273,Shanxi Province,680
3 / 2,0.675,0.26,Shanxi Province,681
3 / 3,0.691,0.257,Shanxi Province,682
3 / 4,0.706,0.254,Shanxi Province,683
3 / 5,0.718,0.251,Shanxi Province,684
3 / 6,0.74,0.247,Shanxi Province,685
3 / 9,0.779,0.234,Shanxi Province,686
3 / 10,0.786,0.23,Shanxi Province,687
3 / 11,0.801,0.225,Shanxi Province,688
3 / 12,0.799,0.221,Shanxi Province,689
3 / 13,0.818,0.218,Shanxi Province,690
3 / 16,0.863,0.204,Shanxi Province,691
3 / 17,0.866,0.2,Shanxi Province,692
3 / 18,0.861,0.196,Shanxi Province,693
3 / 19,0.876,0.191,Shanxi Province,694
3 / 20,0.9,0.188,Shanxi Province,695
3 / 23,0.921,0.175,Shanxi Province,696
3 / 24,0.919,0.172,Shanxi Province,697
3 / 25,0.931,0.17,Shanxi Province,698
3 / 26,0.861,0.165,Shanxi Province,699
3 / 27,0.925,0.162,Shanxi Province,700
2 / 10,0.455,0.385,Gansu province,701
2 / 11,0.452,0.382,Gansu province,702
2 / 12,0.459,0.379,Gansu province,703
2 / 13,0.464,0.375,Gansu province,704
2 / 14,0.457,0.37,Gansu province,705
2 / 17,0.537,0.352,Gansu province,706
2 / 18,0.542,0.345,Gansu province,707
2 / 19,0.557,0.338,Gansu province,708
2 / 20,0.542,0.33,Gansu province,709
2 / 21,0.609,0.324,Gansu province,710
2 / 24,0.798,0.299,Gansu province,711
2 / 25,0.785,0.29,Gansu province,712
2 / 26,0.786,0.279,Gansu province,713
2 / 27,0.729,0.27,Gansu province,714
2 / 28,0.808,0.261,Gansu province,715
3 / 2,0.862,0.229,Gansu province,716
3 / 3,0.861,0.22,Gansu province,717
3 / 4,0.868,0.212,Gansu province,718
3 / 5,0.863,0.204,Gansu province,719
3 / 6,0.881,0.197,Gansu province,720
3 / 9,0.888,0.178,Gansu province,721
3 / 10,0.897,0.171,Gansu province,722
3 / 11,0.897,0.165,Gansu province,723
3 / 12,0.894,0.157,Gansu province,724
3 / 13,0.917,0.149,Gansu province,725
3 / 16,0.917,0.12,Gansu province,726
3 / 17,0.931,0.111,Gansu province,727
3 / 18,0.927,0.102,Gansu province,728
3 / 19,0.932,0.092,Gansu province,729
3 / 20,0.949,0.084,Gansu province,730
3 / 23,0.956,0.061,Gansu province,731
3 / 24,0.949,0.056,Gansu province,732
3 / 25,0.948,0.056,Gansu province,733
3 / 26,0.913,0.056,Gansu province,734
3 / 27,0.954,0.056,Gansu province,735
2 / 10,0.438,0.601,In shandong province,736
2 / 11,0.43,0.597,In shandong province,737
2 / 12,0.438,0.594,In shandong province,738
2 / 13,0.458,0.59,In shandong province,739
2 / 14,0.437,0.588,In shandong province,740
2 / 17,0.47,0.581,In shandong province,741
2 / 18,0.494,0.577,In shandong province,742
2 / 19,0.511,0.573,In shandong province,743
2 / 20,0.531,0.57,In shandong province,744
2 / 21,0.542,0.566,In shandong province,745
2 / 24,0.585,0.544,In shandong province,746
2 / 25,0.584,0.521,In shandong province,747
2 / 26,0.612,0.508,In shandong province,748
2 / 27,0.616,0.5,In shandong province,749
2 / 28,0.604,0.481,In shandong province,750
3 / 2,0.722,0.433,In shandong province,751
3 / 3,0.73,0.427,In shandong province,752
3 / 4,0.743,0.421,In shandong province,753
3 / 5,0.756,0.414,In shandong province,754
3 / 6,0.772,0.406,In shandong province,755
3 / 9,0.789,0.387,In shandong province,756
3 / 10,0.818,0.379,In shandong province,757
3 / 11,0.836,0.372,In shandong province,758
3 / 12,0.845,0.365,In shandong province,759
3 / 13,0.844,0.357,In shandong province,760
3 / 16,0.88,0.339,In shandong province,761
3 / 17,0.893,0.333,In shandong province,762
3 / 18,0.9,0.328,In shandong province,763
3 / 19,0.895,0.322,In shandong province,764
3 / 20,0.912,0.315,In shandong province,765
3 / 23,0.935,0.303,In shandong province,766
3 / 24,0.93,0.299,In shandong province,767
3 / 25,0.93,0.296,In shandong province,768
3 / 26,0.901,0.292,In shandong province,769
3 / 27,0.929,0.288,In shandong province,770
2 / 10,0.384,0.974,Shanghai,771
2 / 11,0.336,0.96,Shanghai,772
2 / 12,0.352,0.949,Shanghai,773
2 / 13,0.358,0.939,Shanghai,774
2 / 14,0.365,0.931,Shanghai,775
2 / 17,0.418,0.911,Shanghai,776
2 / 18,0.415,0.902,Shanghai,777
2 / 19,0.423,0.894,Shanghai,778
2 / 20,0.441,0.885,Shanghai,779
2 / 21,0.456,0.875,Shanghai,780
2 / 24,0.564,0.841,Shanghai,781
2 / 25,0.562,0.828,Shanghai,782
2 / 26,0.563,0.816,Shanghai,783
2 / 27,0.577,0.804,Shanghai,784
2 / 28,0.58,0.794,Shanghai,785
3 / 2,0.67,0.757,Shanghai,786
3 / 3,0.67,0.746,Shanghai,787
3 / 4,0.672,0.737,Shanghai,788
3 / 5,0.681,0.728,Shanghai,789
3 / 6,0.691,0.719,Shanghai,790
3 / 9,0.727,0.695,Shanghai,791
3 / 10,0.747,0.686,Shanghai,792
3 / 11,0.756,0.679,Shanghai,793
3 / 12,0.759,0.671,Shanghai,794
3 / 13,0.761,0.664,Shanghai,795
3 / 16,0.822,0.643,Shanghai,796
3 / 17,0.824,0.636,Shanghai,797
3 / 18,0.832,0.63,Shanghai,798
3 / 19,0.834,0.623,Shanghai,799
3 / 20,0.847,0.618,Shanghai,800
3 / 23,0.874,0.602,Shanghai,801
3 / 24,0.874,0.598,Shanghai,802
3 / 25,0.878,0.595,Shanghai,803
3 / 26,0.872,0.59,Shanghai,804
3 / 27,0.873,0.588,Shanghai,805
2 / 10,0.369,0.349,Shaanxi province,806
2 / 11,0.36,0.349,Shaanxi province,807
2 / 12,0.365,0.349,Shaanxi province,808
2 / 13,0.371,0.349,Shaanxi province,809
2 / 14,0.357,0.349,Shaanxi province,810
2 / 17,0.407,0.349,Shaanxi province,811
2 / 18,0.408,0.349,Shaanxi province,812
2 / 19,0.419,0.349,Shaanxi province,813
2 / 20,0.403,0.349,Shaanxi province,814
2 / 21,0.443,0.349,Shaanxi province,815
2 / 24,0.564,0.342,Shaanxi province,816
2 / 25,0.579,0.339,Shaanxi province,817
2 / 26,0.589,0.334,Shaanxi province,818
2 / 27,0.531,0.329,Shaanxi province,819
2 / 28,0.622,0.324,Shaanxi province,820
3 / 2,0.703,0.294,Shaanxi province,821
3 / 3,0.749,0.281,Shaanxi province,822
3 / 4,0.769,0.267,Shaanxi province,823
3 / 5,0.775,0.254,Shaanxi province,824
3 / 6,0.8,0.243,Shaanxi province,825
3 / 9,0.827,0.214,Shaanxi province,826
3 / 10,0.835,0.206,Shaanxi province,827
3 / 11,0.844,0.2,Shaanxi province,828
3 / 12,0.84,0.192,Shaanxi province,829
3 / 13,0.866,0.186,Shaanxi province,830
3 / 16,0.89,0.171,Shaanxi province,831
3 / 17,0.897,0.166,Shaanxi province,832
3 / 18,0.892,0.162,Shaanxi province,833
3 / 19,0.899,0.158,Shaanxi province,834
3 / 20,0.92,0.155,Shaanxi province,835
3 / 23,0.925,0.149,Shaanxi province,836
3 / 24,0.923,0.148,Shaanxi province,837
3 / 25,0.931,0.146,Shaanxi province,838
3 / 26,0.902,0.143,Shaanxi province,839
3 / 27,0.895,0.141,Shaanxi province,840
2 / 10,0.329,0.221,Henan province,841
2 / 11,0.324,0.219,Henan province,842
2 / 12,0.328,0.217,Henan province,843
2 / 13,0.332,0.215,Henan province,844
2 / 14,0.321,0.213,Henan province,845
2 / 17,0.353,0.205,Henan province,846
2 / 18,0.358,0.202,Henan province,847
2 / 19,0.369,0.198,Henan province,848
2 / 20,0.383,0.195,Henan province,849
2 / 21,0.426,0.192,Henan province,850
2 / 24,0.528,0.179,Henan province,851
2 / 25,0.526,0.174,Henan province,852
2 / 26,0.514,0.169,Henan province,853
2 / 27,0.476,0.165,Henan province,854
2 / 28,0.532,0.16,Henan province,855
3 / 2,0.643,0.145,Henan province,856
3 / 3,0.66,0.14,Henan province,857
3 / 4,0.666,0.135,Henan province,858
3 / 5,0.684,0.131,Henan province,859
3 / 6,0.699,0.126,Henan province,860
3 / 9,0.685,0.112,Henan province,861
3 / 10,0.756,0.107,Henan province,862
3 / 11,0.779,0.102,Henan province,863
3 / 12,0.78,0.098,Henan province,864
3 / 13,0.759,0.096,Henan province,865
3 / 16,0.811,0.091,Henan province,866
3 / 17,0.828,0.089,Henan province,867
3 / 18,0.834,0.087,Henan province,868
3 / 19,0.841,0.084,Henan province,869
3 / 20,0.858,0.082,Henan province,870
3 / 23,0.884,0.072,Henan province,871
3 / 24,0.883,0.069,Henan province,872
3 / 25,0.863,0.066,Henan province,873
3 / 26,0.825,0.062,Henan province,874
3 / 27,0.845,0.059,Henan province,875
2 / 10,0.552,0.283,Hunan province,876
2 / 11,0.529,0.278,Hunan province,877
2 / 12,0.548,0.275,Hunan province,878
2 / 13,0.555,0.273,Hunan province,879
2 / 14,0.558,0.272,Hunan province,880
2 / 17,0.58,0.264,Hunan province,881
2 / 18,0.583,0.262,Hunan province,882
2 / 19,0.586,0.258,Hunan province,883
2 / 20,0.628,0.255,Hunan province,884
2 / 21,0.626,0.251,Hunan province,885
2 / 24,0.753,0.231,Hunan province,886
2 / 25,0.737,0.225,Hunan province,887
2 / 26,0.733,0.218,Hunan province,888
2 / 27,0.717,0.213,Hunan province,889
2 / 28,0.715,0.208,Hunan province,890
3 / 2,0.762,0.191,Hunan province,891
3 / 3,0.716,0.187,Hunan province,892
3 / 4,0.758,0.183,Hunan province,893
3 / 5,0.785,0.178,Hunan province,894
3 / 6,0.769,0.175,Hunan province,895
3 / 9,0.786,0.164,Hunan province,896
3 / 10,0.832,0.161,Hunan province,897
3 / 11,0.816,0.157,Hunan province,898
3 / 12,0.804,0.154,Hunan province,899
3 / 13,0.826,0.152,Hunan province,900
3 / 16,0.853,0.143,Hunan province,901
3 / 17,0.833,0.14,Hunan province,902
3 / 18,0.855,0.136,Hunan province,903
3 / 19,0.867,0.133,Hunan province,904
3 / 20,0.89,0.131,Hunan province,905
3 / 23,0.888,0.123,Hunan province,906
3 / 24,0.883,0.122,Hunan province,907
3 / 25,0.898,0.119,Hunan province,908
3 / 26,0.901,0.116,Hunan province,909
3 / 27,0.854,0.115,Hunan province,910
2 / 10,0.429,0.502,The ningxia hui autonomous region,911
2 / 11,0.419,0.497,The ningxia hui autonomous region,912
2 / 12,0.422,0.492,The ningxia hui autonomous region,913
2 / 13,0.413,0.488,The ningxia hui autonomous region,914
2 / 14,0.404,0.484,The ningxia hui autonomous region,915
2 / 17,0.437,0.469,The ningxia hui autonomous region,916
2 / 18,0.433,0.464,The ningxia hui autonomous region,917
2 / 19,0.44,0.458,The ningxia hui autonomous region,918
2 / 20,0.43,0.454,The ningxia hui autonomous region,919
2 / 21,0.454,0.449,The ningxia hui autonomous region,920
2 / 24,0.514,0.438,The ningxia hui autonomous region,921
2 / 25,0.532,0.433,The ningxia hui autonomous region,922
2 / 26,0.553,0.426,The ningxia hui autonomous region,923
2 / 27,0.555,0.419,The ningxia hui autonomous region,924
2 / 28,0.6,0.414,The ningxia hui autonomous region,925
3 / 2,0.652,0.388,The ningxia hui autonomous region,926
3 / 3,0.653,0.382,The ningxia hui autonomous region,927
3 / 4,0.661,0.376,The ningxia hui autonomous region,928
3 / 5,0.673,0.375,The ningxia hui autonomous region,929
3 / 6,0.69,0.37,The ningxia hui autonomous region,930
3 / 9,0.712,0.362,The ningxia hui autonomous region,931
3 / 10,0.736,0.358,The ningxia hui autonomous region,932
3 / 11,0.75,0.355,The ningxia hui autonomous region,933
3 / 12,0.747,0.351,The ningxia hui autonomous region,934
3 / 13,0.785,0.346,The ningxia hui autonomous region,935
3 / 16,0.843,0.333,The ningxia hui autonomous region,936
3 / 17,0.86,0.327,The ningxia hui autonomous region,937
3 / 18,0.856,0.319,The ningxia hui autonomous region,938
3 / 19,0.882,0.311,The ningxia hui autonomous region,939
3 / 20,0.909,0.301,The ningxia hui autonomous region,940
3 / 23,0.92,0.28,The ningxia hui autonomous region,941
3 / 24,0.93,0.274,The ningxia hui autonomous region,942
3 / 25,0.926,0.266,The ningxia hui autonomous region,943
3 / 26,0.923,0.259,The ningxia hui autonomous region,944
3 / 27,0.958,0.252,The ningxia hui autonomous region,945
2 / 10,0.356,0.0,chongqing,946
2 / 11,0.346,0.0,chongqing,947
2 / 12,0.347,0.0,chongqing,948
2 / 13,0.348,0.0,chongqing,949
2 / 14,0.347,0.0,chongqing,950
2 / 17,0.365,0.0,chongqing,951
2 / 18,0.362,0.0,chongqing,952
2 / 19,0.378,0.0,chongqing,953
2 / 20,0.388,0.0,chongqing,954
2 / 21,0.417,0.0,chongqing,955
2 / 24,0.517,0.0,chongqing,956
2 / 25,0.527,0.0,chongqing,957
2 / 26,0.534,0.0,chongqing,958
2 / 27,0.532,0.0,chongqing,959
2 / 28,0.55,0.0,chongqing,960
3 / 2,0.61,0.0,chongqing,961
3 / 3,0.608,0.0,chongqing,962
3 / 4,0.631,0.0,chongqing,963
3 / 5,0.654,0.0,chongqing,964
3 / 6,0.672,0.0,chongqing,965
3 / 9,0.706,0.0,chongqing,966
3 / 10,0.726,0.0,chongqing,967
3 / 11,0.721,0.0,chongqing,968
3 / 12,0.745,0.0,chongqing,969
3 / 13,0.754,0.0,chongqing,970
3 / 16,0.796,0.0,chongqing,971
3 / 17,0.804,0.0,chongqing,972
3 / 18,0.819,0.0,chongqing,973
3 / 19,0.825,0.0,chongqing,974
3 / 20,0.843,0.0,chongqing,975
3 / 23,0.855,0.0,chongqing,976
3 / 24,0.854,0.0,chongqing,977
3 / 25,0.859,0.0,chongqing,978
3 / 26,0.864,0.0,chongqing,979
3 / 27,0.845,0.0,chongqing,980
2 / 10,0.431,0.469,hainan,981
2 / 11,0.42,0.467,hainan,982
2 / 12,0.429,0.466,hainan,983
2 / 13,0.419,0.465,hainan,984
2 / 14,0.44,0.464,hainan,985
2 / 17,0.434,0.459,hainan,986
2 / 18,0.443,0.457,hainan,987
2 / 19,0.466,0.456,hainan,988
2 / 20,0.485,0.453,hainan,989
2 / 21,0.502,0.452,hainan,990
2 / 24,0.573,0.442,hainan,991
2 / 25,0.576,0.437,hainan,992
2 / 26,0.588,0.432,hainan,993
2 / 27,0.596,0.428,hainan,994
2 / 28,0.605,0.424,hainan,995
3 / 2,0.682,0.396,hainan,996
3 / 3,0.686,0.387,hainan,997
3 / 4,0.678,0.379,hainan,998
3 / 5,0.662,0.374,hainan,999
3 / 6,0.696,0.37,hainan,1000
3 / 9,0.753,0.354,hainan,1001
3 / 10,0.741,0.344,hainan,1002
3 / 11,0.752,0.337,hainan,1003
3 / 12,0.771,0.331,hainan,1004
3 / 13,0.785,0.328,hainan,1005
3 / 16,0.791,0.316,hainan,1006
3 / 17,0.806,0.311,hainan,1007
3 / 18,0.81,0.307,hainan,1008
3 / 19,0.814,0.304,hainan,1009
3 / 20,0.828,0.303,hainan,1010
3 / 23,0.847,0.301,hainan,1011
3 / 24,0.845,0.299,hainan,1012
3 / 25,0.853,0.3,hainan,1013
3 / 26,0.853,0.299,hainan,1014
3 / 27,0.863,0.302,hainan,1015
2 / 10,0.427,0.715,The Inner Mongolia autonomous region,1016
2 / 11,0.418,0.702,The Inner Mongolia autonomous region,1017
2 / 12,0.419,0.692,The Inner Mongolia autonomous region,1018
2 / 13,0.416,0.682,The Inner Mongolia autonomous region,1019
2 / 14,0.403,0.673,The Inner Mongolia autonomous region,1020
2 / 17,0.44,0.653,The Inner Mongolia autonomous region,1021
2 / 18,0.444,0.642,The Inner Mongolia autonomous region,1022
2 / 19,0.451,0.63,The Inner Mongolia autonomous region,1023
2 / 20,0.452,0.618,The Inner Mongolia autonomous region,1024
2 / 21,0.466,0.608,The Inner Mongolia autonomous region,1025
2 / 24,0.588,0.585,The Inner Mongolia autonomous region,1026
2 / 25,0.597,0.576,The Inner Mongolia autonomous region,1027
2 / 26,0.621,0.568,The Inner Mongolia autonomous region,1028
2 / 27,0.634,0.561,The Inner Mongolia autonomous region,1029
2 / 28,0.659,0.552,The Inner Mongolia autonomous region,1030
3 / 2,0.722,0.528,The Inner Mongolia autonomous region,1031
3 / 3,0.703,0.521,The Inner Mongolia autonomous region,1032
3 / 4,0.723,0.513,The Inner Mongolia autonomous region,1033
3 / 5,0.742,0.507,The Inner Mongolia autonomous region,1034
3 / 6,0.754,0.499,The Inner Mongolia autonomous region,1035
3 / 9,0.787,0.492,The Inner Mongolia autonomous region,1036
3 / 10,0.793,0.484,The Inner Mongolia autonomous region,1037
3 / 11,0.805,0.478,The Inner Mongolia autonomous region,1038
3 / 12,0.802,0.472,The Inner Mongolia autonomous region,1039
3 / 13,0.826,0.464,The Inner Mongolia autonomous region,1040
3 / 16,0.856,0.452,The Inner Mongolia autonomous region,1041
3 / 17,0.857,0.449,The Inner Mongolia autonomous region,1042
3 / 18,0.85,0.445,The Inner Mongolia autonomous region,1043
3 / 19,0.872,0.44,The Inner Mongolia autonomous region,1044
3 / 20,0.906,0.432,The Inner Mongolia autonomous region,1045
3 / 23,0.933,0.422,The Inner Mongolia autonomous region,1046
3 / 24,0.929,0.419,The Inner Mongolia autonomous region,1047
3 / 25,0.928,0.415,The Inner Mongolia autonomous region,1048
3 / 26,0.915,0.414,The Inner Mongolia autonomous region,1049
3 / 27,0.946,0.405,The Inner Mongolia autonomous region,1050
2 / 10,0.317,0.992,tianjin,1051
2 / 11,0.306,0.985,tianjin,1052
2 / 12,0.308,0.979,tianjin,1053
2 / 13,0.316,0.973,tianjin,1054
2 / 14,0.274,0.969,tianjin,1055
2 / 17,0.353,0.957,tianjin,1056
2 / 18,0.361,0.949,tianjin,1057
2 / 19,0.365,0.94,tianjin,1058
2 / 20,0.371,0.931,tianjin,1059
2 / 21,0.389,0.921,tianjin,1060
2 / 24,0.453,0.89,tianjin,1061
2 / 25,0.451,0.877,tianjin,1062
2 / 26,0.474,0.864,tianjin,1063
2 / 27,0.479,0.853,tianjin,1064
2 / 28,0.491,0.841,tianjin,1065
3 / 2,0.568,0.8,tianjin,1066
3 / 3,0.56,0.788,tianjin,1067
3 / 4,0.574,0.777,tianjin,1068
3 / 5,0.584,0.766,tianjin,1069
3 / 6,0.599,0.754,tianjin,1070
3 / 9,0.611,0.725,tianjin,1071
3 / 10,0.653,0.714,tianjin,1072
3 / 11,0.667,0.705,tianjin,1073
3 / 12,0.672,0.694,tianjin,1074
3 / 13,0.692,0.684,tianjin,1075
3 / 16,0.739,0.652,tianjin,1076
3 / 17,0.747,0.64,tianjin,1077
3 / 18,0.758,0.629,tianjin,1078
3 / 19,0.748,0.619,tianjin,1079
3 / 20,0.783,0.608,tianjin,1080
3 / 23,0.815,0.577,tianjin,1081
3 / 24,0.815,0.568,tianjin,1082
3 / 25,0.829,0.559,tianjin,1083
3 / 26,0.792,0.55,tianjin,1084
3 / 27,0.845,0.541,tianjin,1085
2 / 10,0.35,0.976,Beijing,1086
2 / 11,0.325,0.963,Beijing,1087
2 / 12,0.326,0.953,Beijing,1088
2 / 13,0.336,0.943,Beijing,1089
2 / 14,0.29,0.937,Beijing,1090
2 / 17,0.389,0.909,Beijing,1091
2 / 18,0.378,0.899,Beijing,1092
2 / 19,0.376,0.89,Beijing,1093
2 / 20,0.375,0.88,Beijing,1094
2 / 21,0.384,0.874,Beijing,1095
2 / 24,0.429,0.846,Beijing,1096
2 / 25,0.417,0.837,Beijing,1097
2 / 26,0.426,0.829,Beijing,1098
2 / 27,0.422,0.821,Beijing,1099
2 / 28,0.435,0.815,Beijing,1100
3 / 2,0.493,0.792,Beijing,1101
3 / 3,0.472,0.786,Beijing,1102
3 / 4,0.483,0.78,Beijing,1103
3 / 5,0.483,0.774,Beijing,1104
3 / 6,0.49,0.769,Beijing,1105
3 / 9,0.526,0.753,Beijing,1106
3 / 10,0.525,0.746,Beijing,1107
3 / 11,0.533,0.74,Beijing,1108
3 / 12,0.528,0.733,Beijing,1109
3 / 13,0.545,0.728,Beijing,1110
3 / 16,0.576,0.707,Beijing,1111
3 / 17,0.574,0.7,Beijing,1112
3 / 18,0.574,0.695,Beijing,1113
3 / 19,0.571,0.687,Beijing,1114
3 / 20,0.594,0.682,Beijing,1115
3 / 23,0.62,0.663,Beijing,1116
3 / 24,0.614,0.657,Beijing,1117
3 / 25,0.623,0.651,Beijing,1118
3 / 26,0.595,0.645,Beijing,1119
3 / 27,0.63,0.64,Beijing,1120
